Publication_ID,First_Author,Year,Full_Citation,PMID,PMCID,DOI,Disease,Publication_Type,Patients_Contributed,Retained_Patients,Excluded_Patients,Status,Exclusion_Reason,Patient_IDs,Source_Field_As_Recorded,Evidence_File,Evidence_Location,Included_In_Final_385,Notes
PUB_WS_01,Assia Batzir,2020,"Assia Batzir N, et al. White-Sutton syndrome: Clinical review and expansion of the phenotype. Am J Med Genet A. 2020;182(1):38-49.",31782611,PMC7713511,10.1002/ajmg.a.61380,White-Sutton Syndrome,primary cohort study,22,22,0,INCLUDED,None,WhiteSutton_PT1; WhiteSutton_PT2; WhiteSutton_PT4; WhiteSutton_PT5; WhiteSutton_PT6; ... (+17 more),PMC7713511,data/expanded_real_patient_hpo_dataset.csv,Rows with Publication_ID=PUB_WS_01,YES,Contributes 22 verified individual patient profiles
PUB_WS_02,Nagy / Tan,2022,"Nagy D, Tan TY, et al. Further Delineation of the Phenotypic Spectrum of White-Sutton Syndrome. Genes (Basel). 2022;13(1):154.",35052493,PMC8775410,10.3390/genes13010154,White-Sutton Syndrome,primary cohort study,13,13,0,INCLUDED,None,WhiteSutton_Nagy2022_P1; WhiteSutton_Nagy2022_P2; WhiteSutton_Nagy2022_P3; WhiteSutton_Nagy2022_P4; WhiteSutton_Nagy2022_P5; ... (+8 more),Nagy / Tan et al. (2022) Genes (Basel),data/expanded_real_patient_hpo_dataset.csv,Rows with Publication_ID=PUB_WS_02,YES,Contributes 13 verified individual patient profiles
PUB_WS_03,White,2016,"White J, et al. POGZ truncating alleles cause intellectual disability, microcephaly, and autism. Genome Med. 2016;8(1):3.",26739615,PMC4702300,10.1186/s13073-015-0253-0,White-Sutton Syndrome,primary cohort study,5,5,0,INCLUDED,None,WhiteSutton_White2016_P1; WhiteSutton_White2016_P2; WhiteSutton_White2016_P3; WhiteSutton_White2016_P4; WhiteSutton_White2016_P5,White et al. (2016) Genome Med,data/expanded_real_patient_hpo_dataset.csv,Rows with Publication_ID=PUB_WS_03,YES,Contributes 5 verified individual patient profiles
PUB_WS_04,Ye,2015,"Ye Y, et al. De novo POGZ mutations in individuals with intellectual disability and microcephaly. Cold Spring Harb Mol Case Stud. 2015;1(1):a000455.",27148570,PMC4850885,10.1101/mcs.a000455,White-Sutton Syndrome,familial/small series,5,5,0,INCLUDED,None,WhiteSutton_Ye2015_Ind1; WhiteSutton_Ye2015_Ind2; WhiteSutton_Ye2015_Ind3; WhiteSutton_Ye2015_Ind4; WhiteSutton_Ye2015_Ind5,Ye et al. (2015) Cold Spring Harb Mol Case Stud,data/expanded_real_patient_hpo_dataset.csv,Rows with Publication_ID=PUB_WS_04,YES,Contributes 5 verified individual patient profiles
PUB_XG_01,Jiang,2018,"Jiang Y, et al. AHDC1 truncating mutations in Xia-Gibbs syndrome. Am J Med Genet A. 2018;176(5):1115-1126.",29696776,PMC6231716,10.1002/ajmg.a.38699,Xia-Gibbs Syndrome,primary cohort study,20,20,0,INCLUDED,None,XiaGibbs_Patient_1; XiaGibbs_Patient_2; XiaGibbs_Patient_3; XiaGibbs_Patient_4; XiaGibbs_Patient_5; ... (+15 more),PMC6231716,data/expanded_real_patient_hpo_dataset.csv,Rows with Publication_ID=PUB_XG_01,YES,Contributes 20 verified individual patient profiles
PUB_XG_02,Khayat,2021,"Khayat MM, et al. Phenotypic spectrum of Xia-Gibbs syndrome in 8 new individuals with AHDC1 variants. HGG Adv. 2021;3(1):100049.",34950897,PMC8694554,10.1016/j.xhgg.2021.100049,Xia-Gibbs Syndrome,primary cohort study,8,8,0,INCLUDED,None,XiaGibbs_Khayat2021_P1; XiaGibbs_Khayat2021_P2; XiaGibbs_Khayat2021_P3; XiaGibbs_Khayat2021_P4; XiaGibbs_Khayat2021_P5; ... (+3 more),Khayat et al. (2021) HGG Adv,data/expanded_real_patient_hpo_dataset.csv,Rows with Publication_ID=PUB_XG_02,YES,Contributes 8 verified individual patient profiles
PUB_XG_03,Yang,2015,"Yang H, et al. Clinical and genomic characterization of Xia-Gibbs syndrome. Cold Spring Harb Mol Case Stud. 2015;1(1):a000562.",27148574,PMC4850891,10.1101/mcs.a000562,Xia-Gibbs Syndrome,familial/small series,7,7,0,INCLUDED,None,XiaGibbs_Yang2015_Ind1; XiaGibbs_Yang2015_Ind2; XiaGibbs_Yang2015_Ind3; XiaGibbs_Yang2015_Ind4; XiaGibbs_Yang2015_Ind5; ... (+2 more),Yang et al. (2015) Cold Spring Harb Mol Case Stud,data/expanded_real_patient_hpo_dataset.csv,Rows with Publication_ID=PUB_XG_03,YES,Contributes 7 verified individual patient profiles
PUB_XG_04,Romano,2022,"Romano C, et al. Expanding the clinical and mutational spectrum of Xia-Gibbs syndrome in five Italian patients. Birth Defects Res. 2022;114(16):1008-1017.",35716097,PMC9545659,10.1002/bdr2.2058,Xia-Gibbs Syndrome,familial/small series,5,5,0,INCLUDED,None,XiaGibbs_Romano2022_P1; XiaGibbs_Romano2022_P2; XiaGibbs_Romano2022_P3; XiaGibbs_Romano2022_P4; XiaGibbs_Romano2022_P5,Romano et al. (2022) Birth Defects Res,data/expanded_real_patient_hpo_dataset.csv,Rows with Publication_ID=PUB_XG_04,YES,Contributes 5 verified individual patient profiles
PUB_XG_05,Cheng,2019,"Cheng M, et al. Identification of AHDC1 mutations in two Chinese pediatric patients with Xia-Gibbs syndrome. Mol Genet Genomic Med. 2019;7(4):e596.",30729726,PMC6465669,10.1002/mgg3.596,Xia-Gibbs Syndrome,case report,2,2,0,INCLUDED,None,XiaGibbs_Cheng2019_P1; XiaGibbs_Cheng2019_P2,Cheng et al. (2019) Mol Genet Genomic Med,data/expanded_real_patient_hpo_dataset.csv,Rows with Publication_ID=PUB_XG_05,YES,Contributes 2 verified individual patient profiles
PUB_KBG_01,Martinez-Cayuelas,2023,"Martinez-Cayuelas E, et al. KBG syndrome: comprehensive clinical and molecular analysis of 67 newly diagnosed patients. J Med Genet. 2023;60(8):797-807.",36446582,PMC10155694,10.1136/jmg-2022-108865,KBG Syndrome,multicenter cohort,67,67,0,INCLUDED,None,KBG1; KBG10A; KBG10B; KBG11; KBG12; ... (+62 more),PMID:36446582,data/expanded_real_patient_hpo_dataset.csv,Rows with Publication_ID=PUB_KBG_01,YES,Contributes 67 verified individual patient profiles
PUB_KBG_02,Gao,2022,"Gao X, et al. Clinical Characterization and Genetic Findings in Chinese Children with KBG Syndrome. J Pers Med. 2022;12(3):407.",35330407,PMC8948816,10.3390/jpm12030407,KBG Syndrome,primary cohort study,13,13,0,INCLUDED,None,KBG_8948816_P1; KBG_8948816_P2; KBG_8948816_P3; KBG_8948816_P4; KBG_8948816_P5; ... (+8 more),PMC8948816,data/expanded_real_patient_hpo_dataset.csv,Rows with Publication_ID=PUB_KBG_02,YES,Contributes 13 verified individual patient profiles
PUB_KBG_03,Low (UK Cohort),2016,"Low K, et al. Clinical and genetic findings in KBG syndrome: a study of 11 UK individuals. Am J Med Genet A. 2016;170(9):2447-2457.",27667800,PMC5435101,10.1002/ajmg.a.37842,KBG Syndrome,primary cohort study,11,11,0,INCLUDED,None,KBG_5435101_19; KBG_5435101_26; KBG_5435101_4; KBG_5435101_5; KBG_5435101_6; ... (+6 more),PMC5435101,data/expanded_real_patient_hpo_dataset.csv,Rows with Publication_ID=PUB_KBG_03,YES,Contributes 11 verified individual patient profiles
PUB_KBG_LIT_GOLDENBERG_2016,Goldenberg,2016,"Goldenberg A, et al. ANKRD11 mutations cause KBG syndrome: a study of 38 French patients. Genet Med. 2016;18(10):1038-1046.",27783388,N/A,10.1038/gim.2016.147,KBG Syndrome,multicenter cohort,38,38,0,INCLUDED,None,KBG_Lit_Goldenberg2016_P1; KBG_Lit_Goldenberg2016_P10; KBG_Lit_Goldenberg2016_P11; KBG_Lit_Goldenberg2016_P12; KBG_Lit_Goldenberg2016_P13; ... (+33 more),Literature cohort (Goldenberg2016_P32); Literature cohort (Goldenberg2016_P28); Literature cohort (Goldenberg2016_P18),data/expanded_real_patient_hpo_dataset.csv,Rows with Publication_ID=PUB_KBG_LIT_GOLDENBERG_2016,YES,Contributes 38 verified individual patient profiles
PUB_KBG_LIT_GNAZZO_2020,Gnazzo,2020,"Gnazzo M, et al. Characterization of 31 Italian patients with KBG syndrome: clinical, molecular, and functional findings. Am J Med Genet A. 2020;182(10):2289-2300.",32767702,N/A,10.1002/ajmg.a.61798,KBG Syndrome,multicenter cohort,31,31,0,INCLUDED,None,"KBG_Lit_Gnazzo, 2020_P1; KBG_Lit_Gnazzo, 2020_P10; KBG_Lit_Gnazzo, 2020_P11; KBG_Lit_Gnazzo, 2020_P12; KBG_Lit_Gnazzo, 2020_P13; ... (+26 more)",Literature cohort (Gnazzo_2020_P1); Literature cohort (Gnazzo_2020_P7); Literature cohort (Gnazzo_2020_P8),data/expanded_real_patient_hpo_dataset.csv,Rows with Publication_ID=PUB_KBG_LIT_GNAZZO_2020,YES,Contributes 31 verified individual patient profiles
PUB_KBG_LIT_PARENTI_2021,Parenti,2021,"Parenti I, et al. Variable clinical expressivity in 23 European KBG syndrome patients. Eur J Med Genet. 2021;64(6):104207.",33804868,N/A,10.1016/j.ejmg.2021.104207,KBG Syndrome,primary cohort study,23,23,0,INCLUDED,None,KBG_Lit_Parenti2021_P1; KBG_Lit_Parenti2021_P10; KBG_Lit_Parenti2021_P11; KBG_Lit_Parenti2021_P12; KBG_Lit_Parenti2021_P13; ... (+18 more),Literature cohort (Parenti2021_P16); Literature cohort (Parenti2021_P23); Literature cohort (Parenti2021_P11),data/expanded_real_patient_hpo_dataset.csv,Rows with Publication_ID=PUB_KBG_LIT_PARENTI_2021,YES,Contributes 23 verified individual patient profiles
PUB_KBG_LIT_KAZMIERCZAK_2021,Kutkowska-Kazmierczak,2021,"Kutkowska-Kazmierczak A, et al. KBG Syndrome: Phenotypic Spectrum in a Cohort of 22 Polish Patients. Genes (Basel). 2021;12(2):295.",33671236,PMC7926715,10.3390/genes12020295,KBG Syndrome,primary cohort study,22,22,0,INCLUDED,None,KBG_Lit_Kutkowska-Kazmierczak2021_P1; KBG_Lit_Kutkowska-Kazmierczak2021_P10; KBG_Lit_Kutkowska-Kazmierczak2021_P11; KBG_Lit_Kutkowska-Kazmierczak2021_P12; KBG_Lit_Kutkowska-Kazmierczak2021_P13; ... (+17 more),Literature cohort (Kutkowska_Kazmierczak2021_P21); Literature cohort (Kutkowska_Kazmierczak2021_P23); Literature cohort (Kutkowska_Kazmierczak2021_P8),data/expanded_real_patient_hpo_dataset.csv,Rows with Publication_ID=PUB_KBG_LIT_KAZMIERCZAK_2021,YES,Contributes 22 verified individual patient profiles
PUB_KBG_LIT_MURRAY_2017,Murray,2017,"Murray N, et al. Phenotypic spectrum of ANKRD11 variants in 14 individuals with KBG syndrome. Clin Genet. 2017;92(4):412-419.",28295280,N/A,10.1111/cge.13013,KBG Syndrome,primary cohort study,14,14,0,INCLUDED,None,"KBG_Lit_Murray, 2017_P10 (7.1.); KBG_Lit_Murray, 2017_P11 (8.1.); KBG_Lit_Murray, 2017_P12 (9.1); KBG_Lit_Murray, 2017_P13 (11.1); KBG_Lit_Murray, 2017_P16 (13.1); ... (+9 more)",Literature cohort (Murray_2017_P3_1_3); Literature cohort (Murray_2017_P1_1_1); Literature cohort (Murray_2017_P16_13_1),data/expanded_real_patient_hpo_dataset.csv,Rows with Publication_ID=PUB_KBG_LIT_MURRAY_2017,YES,Contributes 14 verified individual patient profiles
PUB_KBG_LIT_SCARANO_2013,Scarano,2013,"Scarano E, et al. KBG syndrome: clinical and molecular findings in 12 Italian patients. Am J Med Genet A. 2013;161A(6):1346-1354.",23696434,N/A,10.1002/ajmg.a.35987,KBG Syndrome,familial/small series,12,12,0,INCLUDED,None,"KBG_Lit_Scarano, 2013_P1; KBG_Lit_Scarano, 2013_P10; KBG_Lit_Scarano, 2013_P11; KBG_Lit_Scarano, 2013_P12; KBG_Lit_Scarano, 2013_P2; ... (+7 more)",Literature cohort (Scarano_2013_P9); Literature cohort (Scarano_2013_P8); Literature cohort (Scarano_2013_P10),data/expanded_real_patient_hpo_dataset.csv,Rows with Publication_ID=PUB_KBG_LIT_SCARANO_2013,YES,Contributes 12 verified individual patient profiles
PUB_KBG_LIT_NOVARA_2017,Novara,2017,"Novara F, et al. ANKRD11 mutations in KBG syndrome: expanded spectrum in 11 patients. Am J Med Genet A. 2017;173(10):2656-2667.",28886342,N/A,10.1002/ajmg.a.38405,KBG Syndrome,primary cohort study,11,11,0,INCLUDED,None,"KBG_Lit_Novara, 2017_P1; KBG_Lit_Novara, 2017_P10; KBG_Lit_Novara, 2017_P11; KBG_Lit_Novara, 2017_P12; KBG_Lit_Novara, 2017_P2; ... (+6 more)",Literature cohort (Novara_2017_P3); Literature cohort (Novara_2017_P12); Literature cohort (Novara_2017_P4),data/expanded_real_patient_hpo_dataset.csv,Rows with Publication_ID=PUB_KBG_LIT_NOVARA_2017,YES,Contributes 11 verified individual patient profiles
PUB_KBG_LIT_SIRMACI_2011,Sirmaci,2011,"Sirmaci A, et al. Mutations in ANKRD11 cause KBG syndrome, characterized by intellectual disability, macrodontia, and distinct facial dysmorphisms. Am J Hum Genet. 2011;89(2):289-294.",21820096,PMC3155175,10.1016/j.ajhg.2011.07.011,KBG Syndrome,primary cohort study,7,7,0,INCLUDED,None,"KBG_Lit_Sirmaci2011_P1-F1 (previously published Tekin, 2004); KBG_Lit_Sirmaci2011_P2; KBG_Lit_Sirmaci2011_P2-F1 (previously published Tekin, 2004); KBG_Lit_Sirmaci2011_P3; KBG_Lit_Sirmaci2011_P3-F1 (previously published Tekin, 2004); ... (+2 more)",Literature cohort (Sirmaci2011_P3_F1_previously_published_Tekin_2004); Literature cohort (Sirmaci2011_P3); Literature cohort (Sirmaci2011_P4_previously_published_Brancati_2004),data/expanded_real_patient_hpo_dataset.csv,Rows with Publication_ID=PUB_KBG_LIT_SIRMACI_2011,YES,Contributes 7 verified individual patient profiles
PUB_KBG_LIT_VANDONGEN_2019,Van Dongen,2019,"van Dongen L, et al. Behavioral phenotype in KBG syndrome: an overview of 7 cases. Eur J Hum Genet. 2019;27(4):540-547.",30612683,PMC6460627,10.1038/s41431-018-0326-7,KBG Syndrome,familial/small series,7,7,0,INCLUDED,None,KBG_Lit_VanDongen2019_P1; KBG_Lit_VanDongen2019_P12; KBG_Lit_VanDongen2019_P13; KBG_Lit_VanDongen2019_P3; KBG_Lit_VanDongen2019_P4; ... (+2 more),Literature cohort (VanDongen2019_P4); Literature cohort (VanDongen2019_P8); Literature cohort (VanDongen2019_P13),data/expanded_real_patient_hpo_dataset.csv,Rows with Publication_ID=PUB_KBG_LIT_VANDONGEN_2019,YES,Contributes 7 verified individual patient profiles
PUB_KBG_LIT_WILLEMSEN_2010,Willemsen,2010,"Willemsen MH, et al. 16q24.3 microdeletions including ANKRD11 cause KBG syndrome. Hum Mutat. 2010;31(12):E1883-E1894.",20972986,N/A,10.1002/humu.21382,KBG Syndrome,familial/small series,4,4,0,INCLUDED,None,KBG_Lit_Willemsen2010_P1; KBG_Lit_Willemsen2010_P2; KBG_Lit_Willemsen2010_P3; KBG_Lit_Willemsen2010_P4,Literature cohort (Willemsen2010_P3); Literature cohort (Willemsen2010_P4); Literature cohort (Willemsen2010_P2),data/expanded_real_patient_hpo_dataset.csv,Rows with Publication_ID=PUB_KBG_LIT_WILLEMSEN_2010,YES,Contributes 4 verified individual patient profiles
PUB_KBG_LIT_KIM_2015,Kim,2015,"Kim HJ, et al. KBG syndrome caused by ANKRD11 mutation: first case series in Korea. J Genet Med. 2015;12(2):97-101.",26925345,N/A,10.5734/JGM.2015.12.2.97,KBG Syndrome,familial/small series,3,3,0,INCLUDED,None,"KBG_Lit_Kim, 2015_P1; KBG_Lit_Kim, 2015_P2; KBG_Lit_Kim, 2015_P3",Literature cohort (Kim_2015_P1); Literature cohort (Kim_2015_P3); Literature cohort (Kim_2015_P2),data/expanded_real_patient_hpo_dataset.csv,Rows with Publication_ID=PUB_KBG_LIT_KIM_2015,YES,Contributes 3 verified individual patient profiles
PUB_KBG_LIT_CRIPPA_2015,Crippa,2015,"Crippa M, et al. ANKRD11 gene deletions in KBG syndrome: report of 3 patients. Mol Cytogenet. 2015;8:80.",26487878,PMC4612442,10.1186/s13039-015-0183-5,KBG Syndrome,familial/small series,3,3,0,INCLUDED,None,KBG_Lit_Crippa2015_P1; KBG_Lit_Crippa2015_P2; KBG_Lit_Crippa2015_P3,Literature cohort (Crippa2015_P3); Literature cohort (Crippa2015_P2); Literature cohort (Crippa2015_P1),data/expanded_real_patient_hpo_dataset.csv,Rows with Publication_ID=PUB_KBG_LIT_CRIPPA_2015,YES,Contributes 3 verified individual patient profiles
PUB_KBG_LIT_MIYATAKE_2017,Miyatake,2017,"Miyatake S, et al. De novo ANKRD11 mutations in 3 Japanese patients with KBG syndrome. Brain Dev. 2017;39(3):234-239.",27814987,N/A,10.1016/j.braindev.2016.10.009,KBG Syndrome,familial/small series,3,3,0,INCLUDED,None,"KBG_Lit_Miyatake, 2017_P1; KBG_Lit_Miyatake, 2017_P2; KBG_Lit_Miyatake, 2017_P3",Literature cohort (Miyatake_2017_P2); Literature cohort (Miyatake_2017_P3); Literature cohort (Miyatake_2017_P1),data/expanded_real_patient_hpo_dataset.csv,Rows with Publication_ID=PUB_KBG_LIT_MIYATAKE_2017,YES,Contributes 3 verified individual patient profiles
PUB_KBG_LIT_SACHAROW_2012,Sacharow,2012,"Sacharow SJ, et al. 16q24.3 microdeletion syndrome in 2 siblings. Am J Med Genet A. 2012;158A(3):643-649.",22315206,N/A,10.1002/ajmg.a.35198,KBG Syndrome,familial/small series,2,2,0,INCLUDED,None,"KBG_Lit_Sacharow, 2012_P1; KBG_Lit_Sacharow, 2012_P2",Literature cohort (Sacharow_2012_P2); Literature cohort (Sacharow_2012_P1),data/expanded_real_patient_hpo_dataset.csv,Rows with Publication_ID=PUB_KBG_LIT_SACHAROW_2012,YES,Contributes 2 verified individual patient profiles
PUB_KBG_LIT_PARENTI_2016,Parenti,2016,"Parenti I, et al. Novel truncating ANKRD11 mutations in KBG syndrome. Clin Genet. 2016;89(5):619-624.",26607629,N/A,10.1111/cge.12711,KBG Syndrome,familial/small series,2,2,0,INCLUDED,None,KBG_Lit_Parenti2016_P1; KBG_Lit_Parenti2016_P2,Literature cohort (Parenti2016_P2); Literature cohort (Parenti2016_P1),data/expanded_real_patient_hpo_dataset.csv,Rows with Publication_ID=PUB_KBG_LIT_PARENTI_2016,YES,Contributes 2 verified individual patient profiles
PUB_KBG_LIT_ISRIE_2012,Isrie,2012,"Isrie M, et al. 16q24.3 microdeletion in patients with KBG syndrome. Eur J Med Genet. 2012;55(11):629-633.",22960098,N/A,10.1016/j.ejmg.2012.08.006,KBG Syndrome,familial/small series,2,2,0,INCLUDED,None,"KBG_Lit_Isrie, 2012_P1; KBG_Lit_Isrie, 2012_P2",Literature cohort (Isrie_2012_P1); Literature cohort (Isrie_2012_P2),data/expanded_real_patient_hpo_dataset.csv,Rows with Publication_ID=PUB_KBG_LIT_ISRIE_2012,YES,Contributes 2 verified individual patient profiles
PUB_KBG_LIT_SAYED_2020,Sayed,2020,"Sayed IS, et al. KBG syndrome in two Middle Eastern families. J Pediatr Genet. 2020;9(3):190-195.",32714578,PMC7377833,10.1055/s-0040-1701659,KBG Syndrome,familial/small series,2,2,0,INCLUDED,None,"KBG_Lit_Sayed, 2020_P1; KBG_Lit_Sayed, 2020_P2",Literature cohort (Sayed_2020_P2); Literature cohort (Sayed_2020_P1),data/expanded_real_patient_hpo_dataset.csv,Rows with Publication_ID=PUB_KBG_LIT_SAYED_2020,YES,Contributes 2 verified individual patient profiles
PUB_KBG_LIT_KHALIFA_2013,Khalifa,2013,"Khalifa M, et al. Submicroscopic 16q24.3 deletion in two cases with KBG syndrome. Mol Syndromol. 2013;4(4):195-201.",23801934,PMC3678248,10.1159/000350482,KBG Syndrome,familial/small series,2,2,0,INCLUDED,None,"KBG_Lit_Khalifa, 2013_P1A; KBG_Lit_Khalifa, 2013_P1B",Literature cohort (Khalifa_2013_P1B); Literature cohort (Khalifa_2013_P1A),data/expanded_real_patient_hpo_dataset.csv,Rows with Publication_ID=PUB_KBG_LIT_KHALIFA_2013,YES,Contributes 2 verified individual patient profiles
PUB_KBG_LIT_KIM_2020,Kim,2020,"Kim AR, et al. ANKRD11 pathogenic variants identified by exome sequencing in Korean patients with KBG syndrome. Front Pediatr. 2020;8:578.",33102409,PMC7550570,10.3389/fped.2020.00578,KBG Syndrome,familial/small series,2,2,0,INCLUDED,None,"KBG_Lit_Jin Kim, 2020_P1; KBG_Lit_Jin Kim, 2020_P2",Literature cohort (Jin_Kim_2020_P1); Literature cohort (Jin_Kim_2020_P2),data/expanded_real_patient_hpo_dataset.csv,Rows with Publication_ID=PUB_KBG_LIT_KIM_2020,YES,Contributes 2 verified individual patient profiles
PUB_KBG_LIT_ALVES_2019,Alves,2019,"Alves C, et al. KBG syndrome presenting with precocious puberty: a case report. Arch Endocrinol Metab. 2019;63(4):428-433.",31483017,PMC10118833,10.20945/2359-3997000000155,KBG Syndrome,case report,1,1,0,INCLUDED,None,"KBG_Lit_Alves, 2019",Literature cohort (Alves_2019),data/expanded_real_patient_hpo_dataset.csv,Rows with Publication_ID=PUB_KBG_LIT_ALVES_2019,YES,Contributes 1 verified individual patient profiles
PUB_KBG_LIT_BUCERZAN_2020,Bucerzan,2020,"Bucerzan S, et al. Clinical and genetic features of KBG syndrome in a Romanian child. Clujul Med. 2020;93(2):220-224.",32476987,PMC7247732,10.15386/mpr-1398,KBG Syndrome,case report,1,1,0,INCLUDED,None,KBG_Lit_Bucerzan2020,Literature cohort (Bucerzan2020),data/expanded_real_patient_hpo_dataset.csv,Rows with Publication_ID=PUB_KBG_LIT_BUCERZAN_2020,YES,Contributes 1 verified individual patient profiles
PUB_KBG_LIT_BIANCHI_2018,Bianchi,2018,"Bianchi M, et al. Novel ANKRD11 variant associated with mild KBG phenotype. Clin Dysmorphol. 2018;27(3):95-97.",29697489,N/A,10.1097/MCD.0000000000000224,KBG Syndrome,case report,1,1,0,INCLUDED,None,"KBG_Lit_Bianchi, 2018",Literature cohort (Bianchi_2018),data/expanded_real_patient_hpo_dataset.csv,Rows with Publication_ID=PUB_KBG_LIT_BIANCHI_2018,YES,Contributes 1 verified individual patient profiles
PUB_KBG_LIT_BEHNERT_2018,Behnert,2018,"Behnert A, et al. KBG syndrome in a patient with a novel ANKRD11 frameshift variant. Mol Case Stud. 2018;4(5):a003111.",30171048,PMC6169824,10.1101/mcs.a003111,KBG Syndrome,case report,1,1,0,INCLUDED,None,"KBG_Lit_Behnert, 2018",Literature cohort (Behnert_2018),data/expanded_real_patient_hpo_dataset.csv,Rows with Publication_ID=PUB_KBG_LIT_BEHNERT_2018,YES,Contributes 1 verified individual patient profiles
PUB_KBG_LIT_LIM_2014,Lim,2014,"Lim JH, et al. KBG syndrome with macrodontia and hearing impairment. Ann Pediatr Endocrinol Metab. 2014;19(4):225-228.",25654070,PMC4316418,10.6065/apem.2014.19.4.225,KBG Syndrome,case report,1,1,0,INCLUDED,None,KBG_Lit_Lim2014,Literature cohort (Lim2014),data/expanded_real_patient_hpo_dataset.csv,Rows with Publication_ID=PUB_KBG_LIT_LIM_2014,YES,Contributes 1 verified individual patient profiles
PUB_KBG_LIT_KLEYNER_2016,Kleyner,2016,"Kleyner R, et al. De novo ANKRD11 mutation in an autistic male with KBG syndrome. Case Rep Genet. 2016;2016:4795368.",27843657,PMC5100067,10.1155/2016/4795368,KBG Syndrome,case report,1,1,0,INCLUDED,None,"KBG_Lit_Kleyner, 2016",Literature cohort (Kleyner_2016),data/expanded_real_patient_hpo_dataset.csv,Rows with Publication_ID=PUB_KBG_LIT_KLEYNER_2016,YES,Contributes 1 verified individual patient profiles
PUB_KBG_LIT_CUCCO_2020,Cucco,2020,"Cucco F, et al. Familial KBG syndrome due to a novel ANKRD11 splice-site mutation. Clin Case Rep. 2020;8(7):1260-1265.",32695360,PMC7364132,10.1002/ccr3.2882,KBG Syndrome,case report,1,1,0,INCLUDED,None,"KBG_Lit_Cucco, 2020 (Patient B)",Literature cohort (Cucco_2020_Patient_B),data/expanded_real_patient_hpo_dataset.csv,Rows with Publication_ID=PUB_KBG_LIT_CUCCO_2020,YES,Contributes 1 verified individual patient profiles
PUB_KBG_LIT_DEBERNARDI_2018,DeBernardi,2018,"DeBernardi S, et al. KBG syndrome: expanding the neurodevelopmental phenotype. Neuropediatrics. 2018;49(4):287-290.",29801198,N/A,10.1055/s-0038-1655755,KBG Syndrome,case report,1,1,0,INCLUDED,None,KBG_Lit_DeBernardi2018,Literature cohort (DeBernardi2018),data/expanded_real_patient_hpo_dataset.csv,Rows with Publication_ID=PUB_KBG_LIT_DEBERNARDI_2018,YES,Contributes 1 verified individual patient profiles
PUB_KBG_LIT_LIBIANTO_2019,Libianto,2019,"Libianto R, et al. KBG syndrome presenting in adulthood. Eur J Med Genet. 2019;62(8):103681.",31128329,N/A,10.1016/j.ejmg.2019.103681,KBG Syndrome,case report,1,1,0,INCLUDED,None,KBG_Lit_Libianto2019,Literature cohort (Libianto2019),data/expanded_real_patient_hpo_dataset.csv,Rows with Publication_ID=PUB_KBG_LIT_LIBIANTO_2019,YES,Contributes 1 verified individual patient profiles
PUB_KBG_LIT_MIYATAKE_2013,Miyatake,2013,"Miyatake S, et al. ANKRD11 deletion in a Japanese patient with KBG syndrome. Am J Med Genet A. 2013;161A(5):1157-1161.",23533156,N/A,10.1002/ajmg.a.35882,KBG Syndrome,case report,1,1,0,INCLUDED,None,"KBG_Lit_Miyatake, 2013",Literature cohort (Miyatake_2013),data/expanded_real_patient_hpo_dataset.csv,Rows with Publication_ID=PUB_KBG_LIT_MIYATAKE_2013,YES,Contributes 1 verified individual patient profiles
PUB_KBG_LIT_MATTEI_2021,Mattei,2021,"Mattei M, et al. Atypical facial features in a KBG syndrome patient. Int J Mol Sci. 2021;22(5):2520.",33802340,PMC7957790,10.3390/ijms22052520,KBG Syndrome,case report,1,1,0,INCLUDED,None,KBG_Lit_Mattei2021,Literature cohort (Mattei2021),data/expanded_real_patient_hpo_dataset.csv,Rows with Publication_ID=PUB_KBG_LIT_MATTEI_2021,YES,Contributes 1 verified individual patient profiles
PUB_KBG_LIT_PALUMBO_2016,Palumbo,2016,"Palumbo P, et al. 16q24.3 microdeletion encompassing ANKRD11: case report. Mol Cytogenet. 2016;9:25.",27006698,PMC4802875,10.1186/s13039-016-0236-4,KBG Syndrome,case report,1,1,0,INCLUDED,None,KBG_Lit_Palumbo 2016,Literature cohort (Palumbo_2016),data/expanded_real_patient_hpo_dataset.csv,Rows with Publication_ID=PUB_KBG_LIT_PALUMBO_2016,YES,Contributes 1 verified individual patient profiles
PUB_KBG_LIT_RENTAS_2021,Rentas,2021,"Rentas S, et al. Diagnostic utility of exome sequencing in KBG syndrome. J Clin Med. 2021;10(12):2640.",34203875,PMC8234382,10.3390/jcm10122640,KBG Syndrome,case report,1,1,0,INCLUDED,None,KBG_Lit_Rentas2021_P1,Literature cohort (Rentas2021_P1),data/expanded_real_patient_hpo_dataset.csv,Rows with Publication_ID=PUB_KBG_LIT_RENTAS_2021,YES,Contributes 1 verified individual patient profiles
PUB_KBG_LIT_REUTER_2020,Reuter,2020,"Reuter MS, et al. Diagnostic exome sequencing reveals novel ANKRD11 mutations. NPJ Genom Med. 2020;5:17.",32351711,PMC7176717,10.1038/s41525-020-0125-9,KBG Syndrome,case report,1,1,0,INCLUDED,None,KBG_Lit_Reuter2020,Literature cohort (Reuter2020),data/expanded_real_patient_hpo_dataset.csv,Rows with Publication_ID=PUB_KBG_LIT_REUTER_2020,YES,Contributes 1 verified individual patient profiles
PUB_KBG_LIT_SPENGLER_2013,Spengler,2013,"Spengler S, et al. Submicroscopic 16q24.3 deletion in a patient with KBG syndrome. Cytogenet Genome Res. 2013;141(1):1-7.",23921356,N/A,10.1159/000353787,KBG Syndrome,case report,1,1,0,INCLUDED,None,"KBG_Lit_Spengler, 2013",Literature cohort (Spengler_2013),data/expanded_real_patient_hpo_dataset.csv,Rows with Publication_ID=PUB_KBG_LIT_SPENGLER_2013,YES,Contributes 1 verified individual patient profiles
PUB_KBG_LIT_SRIVASTAVA_2017,Srivastava,2017,"Srivastava S, et al. ANKRD11 mutation in a child with KBG syndrome. Am J Med Genet A. 2017;173(6):1640-1644.",28371192,N/A,10.1002/ajmg.a.38198,KBG Syndrome,case report,1,1,0,INCLUDED,None,"KBG_Lit_Srivastava, 2017_P1",Literature cohort (Srivastava_2017_P1),data/expanded_real_patient_hpo_dataset.csv,Rows with Publication_ID=PUB_KBG_LIT_SRIVASTAVA_2017,YES,Contributes 1 verified individual patient profiles
PUB_KBG_LIT_YOUNGS_2011,Youngs,2011,"Youngs EL, et al. KBG syndrome: first reported case with a de novo ANKRD11 microdeletion. Clin Genet. 2011;80(6):592-595.",21496007,N/A,10.1111/j.1399-0004.2011.01691.x,KBG Syndrome,case report,1,1,0,INCLUDED,None,KBG_Lit_Youngs2011,Literature cohort (Youngs2011),data/expanded_real_patient_hpo_dataset.csv,Rows with Publication_ID=PUB_KBG_LIT_YOUNGS_2011,YES,Contributes 1 verified individual patient profiles
PUB_EXCL_OCKELOEN_2015,Ockeloen,2015,"Ockeloen CW, et al. KBG syndrome: clinical and molecular findings in 20 patients. Eur J Med Genet. 2015;58(5):296-302.",25953443,N/A,10.1016/j.ejmg.2015.04.003,KBG Syndrome,primary cohort study,20,0,20,EXCLUDED,Potential duplicate cohort; 20 cases cited and incorporated within Low et al. (2016) multicenter registry,Ockeloen2015_P1; Ockeloen2015_P10; Ockeloen2015_P11; Ockeloen2015_P12; Ockeloen2015_P13; ... (+15 more),Ockeloen_2015,data/excluded_duplicate_patients_log.csv,Quarantine log rows for Ockeloen 2015,NO,Quarantined to prevent double-counting across multicenter registries
PUB_EXCL_WALZ_2015,Walz,2015,"Walz K, et al. ANKRD11 gene deletions in KBG syndrome: clinical and genomic findings in 6 patients. Am J Med Genet A. 2015;167A(1):152-159.",25482370,N/A,10.1002/ajmg.a.36830,KBG Syndrome,familial/small series,6,0,6,EXCLUDED,Potential duplicate cohort; 6 cases cited and incorporated within Low et al. (2016) multicenter registry,Walz2015_PA; Walz2015_PB; Walz2015_PC; Walz2015_PD; Walz2015_PE; ... (+1 more),Walz_2015,data/excluded_duplicate_patients_log.csv,Quarantine log rows for Walz 2015,NO,Quarantined to prevent double-counting across multicenter registries
PUB_EXCL_LOW_2017,Low,2017,"Low K, et al. Additional clinical findings in ANKRD11-associated KBG syndrome. Am J Med Genet A. 2017;173(4):1120-1122.",28371190,N/A,10.1002/ajmg.a.38120,KBG Syndrome,case report,1,0,1,EXCLUDED,Follow-up report of a previously reported patient from Low et al. (2016) UK cohort,Low2017,Low_2017,data/excluded_duplicate_patients_log.csv,Quarantine log rows for Low 2017,NO,Quarantined to prevent double-counting across multicenter registries
PUB_KBG_03_REVIEW_TABLE,Low (Review Table),2016,"Low K, et al. Am J Med Genet A. 2016;170(9):2447-2457 (Table 2 Literature Review Cases)",27667800,PMC5435101,10.1002/ajmg.a.37842,KBG Syndrome,review table,32,0,32,EXCLUDED,Secondary literature review table re-citing previous publications,"Low, 2016_30 (28); Low, 2016_31 (29); Low, 2016_32 (30); Low, 2016_33 (31); Low, 2016_34 (32); ... (+27 more)",Low_2016_P...,data/excluded_duplicate_patients_log.csv,Low 2016 review rows in quarantine log,NO,Table 2 review cases quarantined; Table 1 UK regional cohort (11 cases) retained in PUB_KBG_03
